{
    "loss": 0.38210615515708923,
    "accuracy": 0.8965517282485962
}